,x,y,z,vx,vy,vz
0,0.4419458813328,-0.5785885063549999,0.4419458813328,0.46153894,-0.033775792,-0.32276499
1,-0.10995386866719999,0.026614301645,-0.10995386866719999,-0.57578009,1.107815,-0.29340765
2,-0.07880233566719998,0.022565544645,-0.07880233566719998,-0.55399138,-0.17386098,0.059250806
3,1.4581113213327999,1.388753263645,1.4581113213327999,-0.090265878,0.32661179,-0.31059352
4,-0.05354669496719999,0.484110633645,-0.05354669496719999,0.011854652,-0.01187402,-0.40556487
5,-0.4000096986672,-0.099935281355,-0.4000096986672,-0.70900804,-0.64990276,0.39794922
6,-0.44118362866719996,-1.455856836355,-0.44118362866719996,0.041344516,0.71818507,0.42262292
7,-0.9606498486671999,0.589242553645,-0.9606498486671999,-0.51185983,0.2201895,-0.52993709
8,2.1977728213328,0.736525993645,2.1977728213328,0.29209882,0.053339254,-0.47229016
9,-1.0202021086672,0.390932923645,-1.0202021086672,-0.12024228,-0.2312551,-0.22785689
10,0.2898363113328,-0.08220593735500001,0.2898363113328,-0.40420324,0.42230287,-0.47567162
11,2.3115752213328,2.2881639636449997,2.3115752213328,-0.24477883,-0.084656693,0.14539891
12,0.6154872713328,0.441618723645,0.6154872713328,0.080642156,0.92654443,0.49423912
13,2.0913732213328,-0.5580128663549999,2.0913732213328,-0.49427491,0.22328275,0.18034133
14,0.19148007133279998,-1.044984426355,0.19148007133279998,-0.069145992,-0.16659899,-0.68207568
15,-0.4128763986672,0.20797125364499996,-0.4128763986672,-0.37122175,0.26815066,0.37048298
16,-4.2581421786672,-0.6218125463549999,-4.2581421786672,0.012222637,0.044264141,-0.052555166
17,-0.5942606986672,-0.6912724563549999,-0.5942606986672,0.038855735,-0.012522225,0.0074053882
18,-0.05423822666719999,-0.625410096355,-0.05423822666719999,-0.35831872,0.14258298,0.47677302
19,0.2124184913328,-0.6677108063549999,0.2124184913328,-0.26484033,-0.17190184,-0.44283473
20,-0.31956097866719996,-0.169775866355,-0.31956097866719996,0.8073107,0.17237021,-0.23092064
21,1.7763684213328,0.149606933645,1.7763684213328,0.32501838,-0.032121219,-0.068611786
22,0.5393302413328,-0.313232236355,0.5393302413328,0.16663916,-0.31408864,-0.16349158
23,-0.7636038686672,-1.0835991363550002,-0.7636038686672,0.21907435,-0.039065514,0.039196294
24,-0.6761246986671999,-0.963999946355,-0.6761246986671999,-0.039653774,-0.45845926,0.39402243
25,-0.23501026866719998,-0.335411276355,-0.23501026866719998,0.10830878,0.30374211,0.4948186
26,0.6270291813328001,-1.0545252363550002,0.6270291813328001,0.13628508,0.48389223,0.055416401
27,0.3592617813328,0.13448217364499998,0.3592617813328,-0.11596682,0.037767682,-0.098634623
28,0.9538116413328,1.5736476636449999,0.9538116413328,0.32858959,-0.36606911,-0.21682394
29,-0.4712406986672,-0.153312056355,-0.4712406986672,-0.28489685,0.26896387,0.14992298
30,0.6276381613328,-0.846583746355,0.6276381613328,-0.5079087,-0.35842589,0.23244782
31,-0.7768090986671999,-0.5737614863549999,-0.7768090986671999,-0.43621168,0.39219463,0.17309675
32,-0.3334366086672,0.262967593645,-0.3334366086672,-0.14172748,0.49258569,0.76863098
33,-0.02375283866719999,-0.12241491535500001,-0.02375283866719999,0.25917166,0.082146421,-0.15499371
34,1.3864761213327998,0.142569473645,1.3864761213327998,0.20072359,-0.20510046,-0.020345205
35,-0.17360699866719997,0.188386313645,-0.17360699866719997,-0.51941729,-0.70201528,0.38201702
36,-0.07391786566719998,-0.089654172355,-0.07391786566719998,0.068751708,-0.37786004,0.81421191
37,-1.0406320086672,0.151284313645,-1.0406320086672,0.32409286,0.099899322,-0.10643627
38,-0.17038206866720002,1.416058363645,-0.17038206866720002,-0.20570169,-0.52278984,-0.40658629
39,0.28897875133280004,-0.03602325235499999,0.28897875133280004,0.76861095,0.10364534,-0.085742705
40,-1.7277279786672002,-1.005043466355,-1.7277279786672002,-0.1833103,-0.53692645,-0.037439995
41,0.2797758213328,-0.08140320635500001,0.2797758213328,0.079736456,0.34021392,0.26895201
42,-1.3727070786672,-0.667612276355,-1.3727070786672,0.25945202,0.086617984,0.15742831
43,-0.5455282386672,0.128580283645,-0.5455282386672,-0.16910541,-0.062023301,1.2245761
44,-0.9138597286672,0.154414673645,-0.9138597286672,1.053213,0.24830468,-0.0008673321
45,2.0088961213328,3.621554363645,2.0088961213328,-0.067766629,0.072554424,0.1780652
46,-0.8127360986672,0.6895724336450001,-0.8127360986672,-0.48036167,-0.2660237,-0.33892214
47,-0.8844093686672,1.981866863645,-0.8844093686672,-0.28553402,-0.0096473424,-0.43191519
48,1.4299263213328,1.4479482636449998,1.4299263213328,-0.3408666,0.040381312,0.076093324
49,0.015079830332800012,0.14156744364499999,0.015079830332800012,0.0062388848,-0.5733037,-0.030894384
50,-0.8088112486672,-2.391951036355,-0.8088112486672,0.23450658,0.3302848,-0.1949883
51,-1.3473786786672002,1.370703963645,-1.3473786786672002,-0.36408469,0.17436835,0.46093681
52,1.1980272213327998,0.253520313645,1.1980272213327998,-0.52319038,-0.27752966,0.28942409
53,-0.04890350846719999,-0.018911271355,-0.04890350846719999,0.19786213,0.34798923,0.49039519
54,0.3538697013328,-0.31219636635500003,0.3538697013328,0.88435835,0.38261342,-0.35811085
55,0.22112852133280003,-0.333450546355,0.22112852133280003,0.25777829,0.2460219,0.80155921
56,-0.5887114486671999,1.2946725636449998,-0.5887114486671999,-0.0029792497,0.39472407,-0.60614663
57,1.4194464213328,-0.963756466355,1.4194464213328,-0.065683857,0.1894211,0.502231
58,1.0648009213327998,-0.596083246355,1.0648009213327998,-0.13385463,0.27840415,-0.33045363
59,-0.6512739686672,-0.9616725063549999,-0.6512739686672,0.126323,0.5356338,0.31201315
60,0.08521974133280003,-0.403307336355,0.08521974133280003,-0.0030840696,-0.33881837,-0.47351325
61,0.13415156133279998,0.11953967364499998,0.13415156133279998,-0.52695018,-0.16451885,0.56281883
62,-0.9799807086672,-2.485796936355,-0.9799807086672,-0.050696328,-0.050188657,-0.11348909
63,0.15406557133280002,-0.139989538355,0.15406557133280002,-0.48543066,-0.2549752,-0.50907272
64,-0.19845001866720002,0.10418232364499999,-0.19845001866720002,0.79829335,0.17847799,0.712277
65,1.2476465213327999,-1.707232936355,1.2476465213327999,0.1364166,-0.19053431,-0.29447928
66,0.9057633213328,0.06697366364499999,0.9057633213328,0.30469742,-0.62448621,0.42378181
67,0.12461613133280003,-0.22307712635500002,0.12461613133280003,-0.57167238,0.29357466,-0.031517819
68,0.5285823913328,-0.22596116635500002,0.5285823913328,-0.23011598,0.61476743,-0.57739776
69,-0.00021782166719998953,0.076143883645,-0.00021782166719998953,-0.53685713,0.037211694,-1.0353258
70,0.17806190133279998,-0.269696986355,0.17806190133279998,0.50285846,-0.12290965,0.3583504
71,0.8488304013328,-0.25044084635499997,0.8488304013328,-0.50622129,0.19507934,0.64814329
72,-0.9485705486672,0.5742540136450001,-0.9485705486672,0.4066276,-0.21333241,-0.34122789
73,0.18236893133280002,0.360107253645,0.18236893133280002,0.43669686,0.11779422,-0.39464268
74,-0.6430965686672,-0.32443832635500003,-0.6430965686672,0.1287808,0.40991536,-0.16699278
75,0.10698910133280001,-0.388158436355,0.10698910133280001,-0.0061685368,0.47703478,0.32756478
76,0.1966483713328,0.257175873645,0.1966483713328,-0.47277316,0.4915542,-1.1106941
77,0.021786783332800007,-0.016705564354999997,0.021786783332800007,-0.29646766,-0.4633998,0.63238341
78,0.03651069533280001,-0.615675296355,0.03651069533280001,-0.35172519,-0.049381614,-0.77399772
79,-0.20620904866720002,-0.413608986355,-0.20620904866720002,0.22903158,0.16089788,-0.025392665
80,0.08743622133280002,0.933463073645,0.08743622133280002,-0.29316229,-0.16210365,-0.90652448
81,-0.10808807966719998,-0.102575271355,-0.10808807966719998,0.53931844,0.77985644,-0.30069637
82,1.2532094213328,1.583181863645,1.2532094213328,-0.064033374,0.065655053,0.26850474
83,-0.36511039866719996,0.05904859364500001,-0.36511039866719996,0.92647552,-0.32347012,0.4512248
84,0.43877473133280004,-0.264012746355,0.43877473133280004,0.40543237,-1.0940624,0.42378747
85,0.9251721513328001,-0.8664181463549999,0.9251721513328001,-0.49112755,-0.57602555,0.55079192
86,0.19807356133280002,0.21782929364499998,0.19807356133280002,-0.67887837,0.066933781,-0.20873989
87,0.0971161813328,0.34014780364499997,0.0971161813328,-0.38944709,-0.7272625,-0.15606596
88,-0.037960173467199994,-0.091796952355,-0.037960173467199994,0.38867807,0.36550647,-0.22117679
89,0.3965549113328,0.33767289364499997,0.3965549113328,-0.22361547,-0.084619924,-0.28690147
90,0.20736086133280002,-0.381903786355,0.20736086133280002,-0.0445484,0.40067354,0.27421069
91,-0.8984761286672,0.7499131936450001,-0.8984761286672,-0.1125448,0.030196201,-0.62021768
92,0.09611520133280002,-0.09335985635499999,0.09611520133280002,0.54147905,0.10457502,-0.40488583
93,-0.1859083686672,-0.013298637355,-0.1859083686672,-1.3277174,0.038904775,0.15618291
94,-0.6509783886672,-0.9635192363549999,-0.6509783886672,0.29913965,0.30381373,-0.27003291
95,0.3056635813328,-0.057221960754999995,0.3056635813328,0.57006359,0.48180217,-0.038823929
96,-0.11191197866719998,-0.015805746355,-0.11191197866719998,-0.60796863,1.5053834,-0.56808454
97,-0.007870144667199992,-0.002849376354999999,-0.007870144667199992,-0.45381543,0.35910988,0.76762617
98,-0.37321755866719997,0.939995143645,-0.37321755866719997,-0.64667141,-0.42615122,0.20901483
99,-0.7546610886671999,-0.192122716355,-0.7546610886671999,0.32682759,1.1431522,-0.048802163
100,0.04994515733280001,-0.997860636355,0.04994515733280001,-0.46089694,-0.14305395,-0.54186916
101,0.3953240813328,0.697589193645,0.3953240813328,0.12832771,0.010846647,0.55123514
102,0.0865068513328,-0.172851526355,0.0865068513328,-0.0015333819,0.21180665,0.15552713
103,-0.3235416486672,0.266879683645,-0.3235416486672,0.72960448,-0.33767059,0.10704315
104,0.1907324913328,-1.281800136355,0.1907324913328,0.17628971,-0.034394246,-0.36250082
105,-0.5510223586672,0.639103863645,-0.5510223586672,-0.92076439,-0.39961252,-0.04711815
106,-0.1422362806672,-0.10701596635499999,-0.1422362806672,0.41640195,0.20166914,0.54219115
107,-0.1570755886672,-0.114732014355,-0.1570755886672,-0.40290058,-0.600474,0.79199213
108,-1.5012514786672,-0.708506966355,-1.5012514786672,-0.30071178,0.16033375,-0.49747601
109,0.04653019833280001,0.290103773645,0.04653019833280001,-0.0035094721,-0.25588521,0.24043493
110,2.0287691213328,-1.074354236355,2.0287691213328,0.025905371,-0.31013453,-0.1593675
111,-1.5808488786672001,-1.0907248363550002,-1.5808488786672001,-0.22245729,0.0025189344,0.24338908
112,0.17323561133280002,0.209708073645,0.17323561133280002,0.80767733,0.76593447,0.37113866
113,-0.22940543866719998,0.021573090644999997,-0.22940543866719998,0.5992223,1.3662769,-0.023548812
114,-0.3054039786672,0.065126873645,-0.3054039786672,-0.41190943,-0.053970877,0.089154378
115,-0.10089341866719999,-0.021969470354999996,-0.10089341866719999,-0.47192281,0.98024768,0.80021816
116,0.8732578713328,1.5234024636449999,0.8732578713328,-0.27559221,0.1478335,0.39373079
117,0.1436567113328,0.39807028364499997,0.1436567113328,0.36616039,-0.49516928,-0.00415387
118,0.24462088133280002,0.18938602364499998,0.24462088133280002,0.42033991,-0.63555408,-0.29929683
119,-0.7331311786672,-1.535390236355,-0.7331311786672,-0.098511785,0.034481388,-0.064267844
120,-0.06377063666719998,-0.968611556355,-0.06377063666719998,0.15955073,-0.38365671,0.30889621
121,-0.3780101586672,-0.482915716355,-0.3780101586672,0.27299055,0.53854507,-0.62794918
122,-0.06657500766719998,-0.19277017635500002,-0.06657500766719998,0.53094906,0.87361622,0.72859663
123,-0.04076654336719999,-0.252800186355,-0.04076654336719999,0.20147236,-0.98140329,0.52219748
124,-2.5463468786672,-0.7970548463549999,-2.5463468786672,0.28823802,0.35716552,-0.34470484
125,0.1276747213328,-0.256841726355,0.1276747213328,-0.28233629,-0.17955221,0.22884735
126,-0.6702823086672,-0.152231111355,-0.6702823086672,0.091989398,0.25623962,0.79428995
127,-0.2829065386672,-0.088469746355,-0.2829065386672,-0.050596006,-0.26983842,-0.25836581
128,1.8705962213328,0.991348463645,1.8705962213328,-0.040656094,-0.13794596,0.39439976
129,-0.8801060986672,-1.370958136355,-0.8801060986672,0.060238648,-0.067674033,-0.42668644
130,-3.3971749786672003,-0.172891046355,-3.3971749786672003,0.15708375,0.04366561,-0.20048986
131,-0.2889398386672,-0.246515446355,-0.2889398386672,0.23802032,0.41710365,-0.0041174036
132,-0.5909540686672,0.933932763645,-0.5909540686672,0.28310573,-0.0651666,-0.23487251
133,0.20547851133279998,-0.03293464735499999,0.20547851133279998,-0.42722887,-0.87481672,-0.38983026
134,0.2955623213328,0.412816203645,0.2955623213328,-0.26825863,-0.74467182,-0.31125399
135,-1.7408746786672,-0.318584256355,-1.7408746786672,-0.35673681,0.22267723,0.28015506
136,0.08230429133280001,0.384022963645,0.08230429133280001,0.18565026,-0.51210397,-0.24692997
137,0.02822815233280001,-0.174895946355,0.02822815233280001,0.25253591,0.24517453,-0.19790755
138,0.7811620213328,-0.31847121635500003,0.7811620213328,0.11858642,0.080082417,-0.089069933
139,0.07684151133280001,-0.09220268435500001,0.07684151133280001,-0.47939411,0.28678212,0.68826872
140,0.6530517313328,1.446107763645,0.6530517313328,0.36225176,0.31704876,-0.1726533
141,0.45822316133280006,-0.014240807355,0.45822316133280006,0.08307258,0.53797787,-0.36653703
142,-1.0169401786672,-0.407213326355,-1.0169401786672,-0.14322001,0.084399506,-0.032049026
143,-0.1278329006672,0.046273903645,-0.1278329006672,-0.095042765,0.53204221,-0.22980571
144,-0.9226276886672,1.772955063645,-0.9226276886672,-0.26195294,-0.30908597,0.43170929
145,-0.024414645667199992,0.027817809645000007,-0.024414645667199992,-0.027263913,0.19882734,0.59182894
146,0.46744400133280006,0.173168053645,0.46744400133280006,-0.13738109,0.51018304,-0.31537169
147,0.6036628413328,-0.668781126355,0.6036628413328,0.21624225,-0.011147752,-0.095693827
148,-0.1724429786672,-0.640353696355,-0.1724429786672,0.26281044,-0.62450683,0.66487432
149,0.2515031013328,-0.07372253435500001,0.2515031013328,0.042645279,0.52234149,0.72664762
150,-0.8295146886672,2.721127263645,-0.8295146886672,-0.064939454,0.12922621,0.23290998
151,2.4103544213328,0.07520818364499998,2.4103544213328,-0.21673775,0.12344173,0.30513901
152,-0.02864713966719999,-1.025050426355,-0.02864713966719999,0.09490227,0.20524999,-0.28889519
153,-0.5293725786672,0.11076217364499999,-0.5293725786672,0.61137706,0.1261372,0.11108218
154,-0.6168127086672,-0.166846896355,-0.6168127086672,0.64500082,0.77414221,-0.022106655
155,-0.4528164586672,0.115372533645,-0.4528164586672,-0.0088122562,0.21220556,-0.43142959
156,1.0034567213327998,-0.938467346355,1.0034567213327998,0.086202227,-0.014890154,0.14348678
157,2.4272845213328,-0.029691656355,2.4272845213328,0.15230234,0.20676996,-0.46400449
158,0.5446197313328001,-0.6883138663549999,0.5446197313328001,0.54511213,0.051694941,0.35463721
159,0.8763093913328001,-0.238348806355,0.8763093913328001,-0.14112332,0.69738436,0.36959124
160,-0.2159343886672,-0.0018026893549999944,-0.2159343886672,-0.2881324,-0.58846688,0.32572198
161,0.6932863513328,-1.046452186355,0.6932863513328,0.28103387,-0.34322569,0.011398868
162,-0.4168750086672,0.5014352536450001,-0.4168750086672,0.71354508,-0.53296953,0.20579843
163,-0.2401977786672,-0.629534266355,-0.2401977786672,-0.07905101,-0.035095222,0.02448041
164,-1.0470773786672,-0.025451173355,-1.0470773786672,0.39917046,0.370083,-0.2094782
165,0.3902961313328,-0.5860129763549999,0.3902961313328,0.49334449,-0.10768384,-0.11171952
166,0.1366200213328,2.280544363645,0.1366200213328,-0.34993261,0.011593676,0.035585932
167,-0.2725773086672,0.03789845264500001,-0.2725773086672,-0.12550648,0.071693212,-0.0061672851
168,-0.11577985766719999,-0.232949906355,-0.11577985766719999,-0.30281362,0.12922566,0.36163288
169,0.2649909813328,0.074795273645,0.2649909813328,0.92476571,0.52920288,-0.22958001
170,0.011687550332800008,0.362324153645,0.011687550332800008,1.1730647,-0.56874901,0.29227951
171,0.07123199133280002,0.7356450936450001,0.07123199133280002,0.51629651,0.69362968,-0.077963799
172,-0.1673047786672,-0.7348696163549999,-0.1673047786672,-0.37290889,0.07447578,-0.16110508
173,0.1995838213328,0.550346413645,0.1995838213328,0.15479015,0.63382363,0.25481099
174,0.011921149332800009,0.6237479836450001,0.011921149332800009,-0.40574846,0.070073999,-0.69401377
175,-1.0427708686672001,2.366678763645,-1.0427708686672001,-0.16913877,0.26410991,-0.10356778
176,0.19680146133280002,-0.504450576355,0.19680146133280002,0.088385142,0.49526641,-0.39421904
177,-0.02500171766719999,0.175971893645,-0.02500171766719999,-0.79480767,0.13952921,0.68894947
178,-0.035535775067199994,-0.435220236355,-0.035535775067199994,-0.49890754,0.56645024,-0.71739966
179,-0.4260711086672,-0.8651604263549999,-0.4260711086672,0.36992806,-0.075497955,-0.48410195
180,-0.3312749886672,-0.21514755635500002,-0.3312749886672,-0.2501986,0.0029766634,-0.3869063
181,0.6390378413328001,-0.622256066355,0.6390378413328001,-0.61055088,0.17580581,0.56534815
182,-2.0437546786672,1.244995463645,-2.0437546786672,-0.13346352,-0.35191959,-0.19878794
183,0.3750076813328,0.059062763645,0.3750076813328,0.1302982,1.0297327,-0.041117217
184,-0.9752398186672,-0.19717056635500002,-0.9752398186672,-0.19849354,0.18638462,-0.052148219
185,0.6705970713328,0.963272463645,0.6705970713328,-0.45886901,0.50855815,-0.18138731
186,0.2895072913328,-0.210300406355,0.2895072913328,-0.61561513,0.090997905,-0.65002126
187,0.47021162133280003,0.029639304645,0.47021162133280003,0.88913268,0.244353,-0.43100649
188,-0.23506321866719998,-1.5477159363550002,-0.23506321866719998,0.12041575,-0.25921297,0.33034202
189,-1.0426959386672001,-1.005540986355,-1.0426959386672001,-0.041076355,0.76558352,-0.33947492
190,-0.6326756486671999,0.418405003645,-0.6326756486671999,0.21471623,0.97256064,-0.080822177
191,0.2380016413328,-0.223658526355,0.2380016413328,-0.29564866,0.53199804,0.070320971
192,-0.07013322066719999,-0.543922866355,-0.07013322066719999,0.16215393,0.16771366,-0.061870329
193,0.9588588213328001,-1.036352236355,0.9588588213328001,0.74634069,-0.089129247,0.31096837
194,1.6663252213328,0.553746083645,1.6663252213328,-0.35592929,-0.18617074,0.23689801
195,-0.17631044866719997,0.276791853645,-0.17631044866719997,0.82509023,-0.7212401,-0.12871641
196,-1.7710326786672002,0.658486343645,-1.7710326786672002,0.29411924,0.34597096,-0.13573857
197,-0.3777571986672,-0.225511066355,-0.3777571986672,0.11803188,1.027245,0.2026926
198,-0.7687975186672,-0.050421076654999994,-0.7687975186672,-0.017914124,-0.047515545,0.37602124
199,0.012771137332800012,0.102418223645,0.012771137332800012,0.18485706,0.24341528,-0.4803066
200,0.5322715613328001,0.14046726364499998,0.5322715613328001,0.32993767,0.91944551,0.40502954
201,-0.1875276886672,1.253629963645,-0.1875276886672,0.067501545,0.095987447,-0.092860878
202,0.07188613133280002,-0.876363956355,0.07188613133280002,-0.26337343,0.2563307,-0.26372758
203,-1.0744086786672,2.389484663645,-1.0744086786672,-0.25934348,-0.31524155,-0.43118653
204,0.0018646123328000116,0.7393072636450001,0.0018646123328000116,0.020080306,0.39507389,0.78102189
205,2.1268144213327997,-0.9809628363549999,2.1268144213327997,-0.28236115,0.09470474,0.015927004
206,-0.5562568386672,0.025610112645,-0.5562568386672,0.02610169,0.20716529,-0.23458213
207,-0.11095854266719998,-0.265356126355,-0.11095854266719998,-0.15481834,-0.11124495,-0.58951652
208,-0.058091512667199995,-0.046892621355,-0.058091512667199995,0.21919069,-0.34510571,0.3370969
209,-0.04069375606719999,0.06537880364500001,-0.04069375606719999,1.15377,0.50908166,0.64103794
210,-0.3759439286672,-0.051618677854999996,-0.3759439286672,0.1574692,-0.60598725,-0.06260775
211,-0.9176214986672,0.395533923645,-0.9176214986672,-0.26599136,0.3994889,-0.041785605
212,1.6953321213327999,-0.843529786355,1.6953321213327999,-0.43735147,-0.07629168,0.37393555
213,-0.5590603986672,0.23076275364499998,-0.5590603986672,0.055597179,0.51494002,-0.14540312
214,0.5089425413328,-0.5665404963549999,0.5089425413328,0.43527043,0.085383192,0.065555334
215,-0.8557385286672,-0.8621447863549999,-0.8557385286672,0.31365505,0.17544787,0.1647311
216,0.9335082113328,0.34077278364499997,0.9335082113328,0.26722315,-0.18848664,-0.17754407
217,-0.1660327386672,-0.8457132763549999,-0.1660327386672,-0.20227824,-0.046771239,0.19413388
218,0.4242786713328,-0.697783966355,0.4242786713328,-0.45364219,-0.25171107,0.6536954
219,-1.4050518786672002,0.428515263645,-1.4050518786672002,0.30293092,-0.0144911,-0.14733581
220,0.033036444332800015,-0.03947830735499999,0.033036444332800015,0.80261207,0.12538309,1.1376851
221,-0.2293925186672,0.6390297836450001,-0.2293925186672,-0.22286001,0.3447524,-0.35691339
222,-0.02485753066719999,0.123893893645,-0.02485753066719999,-0.4996244,-0.22260022,0.30409569
223,0.5894887413328,-0.328987356355,0.5894887413328,-0.2756789,-0.72519106,-0.14198944
224,0.23508381133280004,-1.2562062363550002,0.23508381133280004,0.22469878,0.041396353,0.22367884
225,0.6034688313328,-0.553762276355,0.6034688313328,0.034342494,0.74668652,0.028241912
226,-0.33913153866719997,0.480880183645,-0.33913153866719997,-0.54201657,0.50586671,0.17538732
227,0.5106291113328,-0.179753356355,0.5106291113328,-0.41950446,0.21192427,-0.22846308
228,-0.4632259086672,-1.107669236355,-0.4632259086672,-0.18806273,0.34900469,-0.1857062
229,0.4166269013328,0.857637323645,0.4166269013328,0.039505158,-0.55144471,-0.06087514
230,0.29840475133280003,0.196780303645,0.29840475133280003,0.67926997,-0.20117326,0.55806476
231,1.7691695213327998,-0.346112596355,1.7691695213327998,0.13426805,0.10678142,-0.12010714
232,0.5773825613328,0.298728803645,0.5773825613328,0.051197734,0.06337928,0.2945542
233,-0.1669681286672,-2.347057536355,-0.1669681286672,-0.47630084,-0.024151146,-0.14045925
234,1.6338544213328,0.24129928364499997,1.6338544213328,0.22401831,-0.11967681,0.63666952
235,0.47078883133280003,0.405134803645,0.47078883133280003,0.6820966,-0.15670706,0.451637
236,0.1422291613328,-0.045486815055,0.1422291613328,0.24267781,0.20336461,0.070227601
237,-0.36074379866719997,0.500870863645,-0.36074379866719997,0.23569535,0.22665866,-0.36040986
238,-0.22240713866720002,-0.141352198355,-0.22240713866720002,-0.58019239,-0.2778846,0.6203149
239,-0.22050087866719997,-0.154686076355,-0.22050087866719997,-0.66848284,-0.22794689,-0.44072285
240,1.5429834213328,0.383878863645,1.5429834213328,-0.29879609,-0.22138724,0.049789026
241,-1.4613389786672002,-1.3148256363550002,-1.4613389786672002,0.23468298,-0.38382453,0.41506219
242,-3.6565851786672,-1.306287036355,-3.6565851786672,-0.02169086,-0.078561194,-0.19218746
243,-0.6917114286672,-0.852122686355,-0.6917114286672,-0.21586944,-0.5595271,-0.085901208
244,0.7083048213328,1.0005939636449999,0.7083048213328,-0.37233379,-0.12139521,0.27338892
245,0.3554541413328,0.06861956364499999,0.3554541413328,0.17603236,-0.53011888,0.22472081
246,-0.07632404966719998,0.083096993645,-0.07632404966719998,-0.22038364,0.28583878,0.45981973
247,-0.6068534286671999,-0.511952746355,-0.6068534286671999,-0.021643922,-0.24879144,0.51621473
248,0.2559710413328,0.363293743645,0.2559710413328,-0.58007705,0.2021538,0.076799177
249,0.2393035813328,1.5306399636449999,0.2393035813328,-0.40132543,0.028880807,0.24794357
250,-0.08488428566719998,0.03841240064500001,-0.08488428566719998,-0.51485705,0.42517129,-0.15101613
251,0.2659399813328,0.173641243645,0.2659399813328,0.54184699,-0.19630434,-0.25442904
252,0.1804860313328,-0.16556068635500001,0.1804860313328,0.18165718,-0.22796802,0.11115826
253,0.1593071513328,1.7162380636449999,0.1593071513328,-0.39235967,0.36435431,-0.090326242
254,2.6588278213328,0.269953823645,2.6588278213328,-0.1914175,0.046451181,-0.18883653
255,-0.15288653866719998,-0.004373273354999995,-0.15288653866719998,0.028084969,-0.62670684,0.42949286
256,-0.7484722186671999,-0.9195815563549999,-0.7484722186671999,0.26910865,-0.34371582,-0.2768603
257,0.42754712133280004,0.270846973645,0.42754712133280004,0.48338106,-0.11550587,0.35368413
258,-0.2516680886672,0.371701253645,-0.2516680886672,-0.79366243,0.2261785,-0.34153777
259,-0.007281537667199987,0.09688259364499999,-0.007281537667199987,-0.13110837,-0.14208664,-0.87030816
260,-2.6236819786672,1.0327772636449999,-2.6236819786672,-0.090750366,-0.33350348,-0.027676938
261,-0.8019015186671999,-0.205890336355,-0.8019015186671999,-0.5487507,-0.027312599,-0.42726287
262,0.33542305133280004,0.233259333645,0.33542305133280004,0.61557436,0.22793446,-0.26618156
263,-0.6575034286672,0.460009553645,-0.6575034286672,-0.34009105,0.076042026,0.57806218
264,-0.11271464466719998,0.22890407364499998,-0.11271464466719998,0.21430975,0.0053947642,0.47983074
265,-0.9074860886671999,0.172442813645,-0.9074860886671999,0.64657634,0.015567981,0.2095786
266,0.08109889133280002,0.039142006645000005,0.08109889133280002,-0.30582759,0.16700099,-0.17452542
267,-0.12984658366719998,0.39580092364499997,-0.12984658366719998,-0.35662007,0.52105397,0.49574175
268,-0.11828469066719999,-1.160380236355,-0.11828469066719999,-0.063191056,-0.0056798207,-0.26785511
269,-0.12388421166719998,0.012480058644999997,-0.12388421166719998,0.84739441,0.9059481,-0.92766976
270,-0.9800906186671999,1.706898863645,-0.9800906186671999,0.63722277,-0.12525012,-0.0076317126
271,0.056650201332800014,0.423275683645,0.056650201332800014,-0.26770627,0.47799212,-0.18366428
272,-0.1253445406672,0.7236017936450001,-0.1253445406672,-0.1805094,0.030987473,0.0025163989
273,-0.8885360386672,2.3191640636449997,-0.8885360386672,-0.037104335,0.087373458,-0.095915854
274,0.036040764332800006,-0.406805596355,0.036040764332800006,0.01516322,0.62504727,0.18684442
275,0.12293955133280002,0.048387063645000006,0.12293955133280002,-0.20533596,0.69461012,-0.25592482
276,0.8925006313328,0.660392323645,0.8925006313328,-0.55622697,-0.21156774,-0.4446758
277,-0.10691697466719999,0.248722173645,-0.10691697466719999,-0.85081214,-0.54785746,-0.2590141
278,1.0861328213327999,1.385575763645,1.0861328213327999,0.0022685702,-0.35846239,0.3781369
279,-0.4594347786672,-0.5507424063549999,-0.4594347786672,-0.28391647,-0.27221251,-0.067448378
280,-0.4371603186672,0.7811801836450001,-0.4371603186672,0.63532591,0.16355018,-0.18942662
281,-0.4767378286672,1.779731263645,-0.4767378286672,-0.29212102,0.29557624,0.20776795
282,1.4756257213328,-0.620790146355,1.4756257213328,0.47904474,-0.30031714,-0.053355373
283,2.0245791213328,0.676756183645,2.0245791213328,-0.3830111,0.062674813,0.055908285
284,0.3721471713328,-0.23777357635500002,0.3721471713328,0.70872432,-0.58532578,-0.96309024
285,-0.5546648586672,0.093070803645,-0.5546648586672,-0.2345909,0.45455882,-0.61105651
286,-0.39812836866719997,0.413583193645,-0.39812836866719997,0.13000983,0.22279385,0.089180827
287,0.47133582133280005,-0.478381356355,0.47133582133280005,0.25714469,-0.50891441,0.51943684
288,-0.4254143886672,-0.022648877354999996,-0.4254143886672,-0.3873536,-0.17943704,0.39354706
289,0.9174917313328,0.47921506364499994,0.9174917313328,0.039822716,0.21090637,-0.12811516
290,-0.5757232386672,-0.291659066355,-0.5757232386672,-0.21488078,-0.16702944,0.49509543
291,-0.07206148866719998,1.6318536636449998,-0.07206148866719998,-0.089902088,0.0064714802,-0.22680008
292,0.04267979033280001,-1.009130856355,0.04267979033280001,0.53244275,0.62943429,0.19628353
293,-1.5474639786672002,0.8574595836450001,-1.5474639786672002,-0.1260104,0.044604402,0.38612327
294,0.10193993133280002,0.356299583645,0.10193993133280002,0.65775216,0.077657916,0.024350829
295,0.04360080133280001,-0.324968236355,0.04360080133280001,-0.84690553,0.039455354,0.53193837
296,1.3502868213327999,0.370767333645,1.3502868213327999,-0.39935538,0.47954094,-0.41508085
297,0.023569468332800013,-0.007106735354999994,0.023569468332800013,0.69016272,0.49419254,0.2146806
298,-0.08939018066719999,-0.163320986355,-0.08939018066719999,1.0433478,0.52604491,-0.24658746
299,-0.41036686866719996,-0.179934506355,-0.41036686866719996,0.31609765,0.10461523,-0.25550872
300,0.34799617133280003,0.214273163645,0.34799617133280003,0.6290279,0.29327324,0.26414382
301,0.9455153913328,-1.1046384363550001,0.9455153913328,-0.14379947,0.088883862,-0.070189394
302,-0.5219981986672,-0.331270356355,-0.5219981986672,-0.079512775,0.15093489,0.14900678
303,0.027229111332800003,1.597101263645,0.027229111332800003,0.10717154,0.054866575,0.10199433
304,0.49430274133280006,0.11500370364499998,0.49430274133280006,-0.10240927,0.42121404,0.07248807
305,-0.9893099686672,0.257914973645,-0.9893099686672,0.059352543,0.72087032,-0.40380594
306,-0.3277638286672,-0.028978043354999997,-0.3277638286672,-0.80036366,0.79963249,-0.35039482
307,0.2781893313328,0.777518313645,0.2781893313328,-0.12089497,0.6175251,0.1349877
308,0.07261384133280002,-0.5565642963549999,0.07261384133280002,-0.507204,0.74384737,-0.69093639
309,0.6678177713328001,0.080860173645,0.6678177713328001,0.35636061,0.13634235,0.54300201
310,0.46185523133280004,-0.625719506355,0.46185523133280004,-0.7719118,0.066007294,-0.079955637
311,-0.5074954986672,1.878610663645,-0.5074954986672,-0.053406935,-0.44732878,0.071933962
312,0.9422905413328,-0.5704392363549999,0.9422905413328,-0.44415781,-0.17645752,-0.13736281
313,-0.3143172886672,-0.291379566355,-0.3143172886672,0.50454164,0.4497427,0.08916045
314,0.49107331133279997,-0.6691284963549999,0.49107331133279997,0.08244177,0.44471943,0.34735709
315,0.15198835133279998,0.7130478436450001,0.15198835133279998,-0.37272504,-0.14214386,0.43307438
316,1.0119478213328,-0.9377364163549999,1.0119478213328,0.36793706,-0.020826086,-0.30979574
317,0.06932347133280002,-0.277548276355,0.06932347133280002,-0.83601987,-0.26759794,0.31297877
318,-0.9630225386672,-0.790136236355,-0.9630225386672,0.064254552,0.033728153,0.51878107
319,1.2701739213327998,0.032569118645000006,1.2701739213327998,-0.51497865,-0.12057751,-0.78079116
320,0.09061360133280003,-1.019829716355,0.09061360133280003,0.35591662,-0.24827288,-0.28230742
321,0.3160591113328,-0.944224676355,0.3160591113328,0.086621068,0.090914011,-0.028923068
322,0.014017153332800007,0.047596733645,0.014017153332800007,-0.29148635,-0.32911852,-0.5413307
323,-0.12329503466719999,0.262667453645,-0.12329503466719999,-0.27951932,0.22434345,0.56451094
324,-0.0032436106671999906,2.117722263645,-0.0032436106671999906,-0.10310993,-0.23866808,-0.47693852
325,-0.36739051866719996,1.844858663645,-0.36739051866719996,-0.52724326,-0.14726594,0.320676
326,0.08868457133280003,-0.141991264355,0.08868457133280003,-0.072346784,0.73805368,0.84305894
327,0.4228846713328,-0.008166017354999996,0.4228846713328,-0.71765298,-0.47255901,0.020502752
328,0.9318298613328,0.487187363645,0.9318298613328,0.18383928,-0.06921567,0.49869168
329,-0.1795222786672,-0.5018179363549999,-0.1795222786672,-0.69280452,-0.61121392,0.35875684
330,-0.07834098466719998,-0.489179096355,-0.07834098466719998,-0.81368923,0.2881352,-0.28160805
331,0.1688193013328,-1.117578636355,0.1688193013328,0.17688121,-0.03447675,0.39961755
332,-0.19403080866720002,-1.097659436355,-0.19403080866720002,-0.50077158,-0.13162151,0.3683556
333,-0.0992218706672,-0.199916446355,-0.0992218706672,-0.59614611,0.16894041,-0.21197763
334,-0.9069421286672,0.381256883645,-0.9069421286672,-0.24180293,0.59238619,-0.61320889
335,-0.44165071866719996,0.105444973645,-0.44165071866719996,-0.32544932,0.033053823,-0.40847576
336,0.48349314133279997,0.690987983645,0.48349314133279997,-0.0091104517,0.078724071,-0.27009249
337,0.5786025513328,-0.249985776355,0.5786025513328,-0.58098173,-0.5012086,-0.41439968
338,0.3532852813328,0.119259843645,0.3532852813328,0.23715726,-0.37473521,0.20058207
339,-0.01225523966719999,-0.03364512535499999,-0.01225523966719999,0.36184299,-0.26072925,0.13222665
340,0.1290054613328,-0.09135781535500001,0.1290054613328,-0.97815257,-0.1336782,0.69655746
341,0.20754149133280003,-0.133789158355,0.20754149133280003,0.67504573,0.032408271,-0.58832216
342,-0.6120854086672,-0.261641566355,-0.6120854086672,-0.075172193,0.49620524,-0.14763375
343,-0.6111664186672,-0.293360466355,-0.6111664186672,-0.32965127,-0.86377925,-0.033406526
344,-0.45440363866719996,-1.099574136355,-0.45440363866719996,0.54115993,0.39038822,-0.28975245
345,-0.21213427866719997,-0.161193736355,-0.21213427866719997,0.44335821,-0.079597294,0.5867756
346,1.4281642213327999,-0.464325866355,1.4281642213327999,0.15688959,0.27835423,-0.25987244
347,-0.17832523866720001,-0.371300806355,-0.17832523866720001,0.75030905,-0.90880191,-0.15334736
348,0.047929335332800006,-0.119424751355,0.047929335332800006,1.0197579,-0.56275922,-0.57792276
349,-1.1665027786672002,2.528077163645,-1.1665027786672002,-0.22902557,-0.053025994,0.0024576348
350,-0.5130517486672,-0.074519024355,-0.5130517486672,0.11803107,0.37472677,-0.84628505
351,0.47444665133280006,-0.447500276355,0.47444665133280006,-0.57185566,-0.40738815,-0.17166054
352,0.9665367213328001,-0.299686666355,0.9665367213328001,0.66339624,-0.4356668,0.24214977
353,-0.5412552086672,-1.3287046363550001,-0.5412552086672,-0.17740317,0.20301904,0.086783133
354,0.6127715113328001,-0.527031916355,0.6127715113328001,-0.13151844,0.16104957,0.70544517
355,1.1932361213328,1.697484863645,1.1932361213328,-0.098819584,-0.37498957,-0.2700637
356,-0.03939366466719999,-0.076964459355,-0.03939366466719999,-0.16702448,0.52482682,-0.21897262
357,-0.011950239667199991,0.431101183645,-0.011950239667199991,0.5417136,0.47011244,-0.095829315
358,0.7627052613328,-0.135417430355,0.7627052613328,0.049625918,0.97868466,-0.36945933
359,0.1282552113328,0.287902243645,0.1282552113328,0.13389836,-0.55911428,-0.16513269
360,-0.6315016786672,-0.04633613095499999,-0.6315016786672,0.45531806,-0.72679842,0.26706085
361,-0.7136285386672,0.211343773645,-0.7136285386672,0.66592878,0.51046425,-0.057068925
362,1.1370148213328,0.180679983645,1.1370148213328,-0.062936127,-0.094606891,0.35739565
363,-0.10859269966719998,-0.231198346355,-0.10859269966719998,0.07919047,-0.94593048,-0.018274292
364,0.5923876713328,-0.287134266355,0.5923876713328,0.48670807,0.57228297,0.050190862
365,-1.1140132786672001,-0.355156386355,-1.1140132786672001,0.12455814,-0.6105203,-0.32944545
366,-2.2377502786672,0.213377243645,-2.2377502786672,0.0093330033,-0.26974899,-0.23137195
367,0.1812983913328,-0.283179866355,0.1812983913328,0.11878949,0.57988006,0.2032401
368,-0.1401036636672,0.857245183645,-0.1401036636672,-0.28982669,0.51938069,-0.40831235
369,0.029972631332800016,-0.081705889355,0.029972631332800016,-0.034594543,-0.38223553,0.75367689
370,1.5310825213327999,1.048965163645,1.5310825213327999,-0.19972949,-0.11676794,0.12613839
371,-0.06904686566719999,-0.073064575355,-0.06904686566719999,-0.43105796,0.68737227,-0.12377404
372,-0.2645833786672,-0.13507445035500001,-0.2645833786672,0.55826879,-0.10970885,-0.38294381
373,-0.1298816236672,-0.236798606355,-0.1298816236672,-0.61869085,0.47210592,-0.11704142
374,0.16698710133279998,-0.523455996355,0.16698710133279998,0.5065484,0.27024665,0.8506617
375,-0.7363517886672,0.022031457645,-0.7363517886672,0.25223738,0.06562119,-0.81722283
376,0.16537277133279998,-0.283208166355,0.16537277133279998,-0.85662967,-0.013737116,-0.28165746
377,-0.1332454646672,-0.270398946355,-0.1332454646672,0.26376715,0.29812387,0.4857648
378,1.1820461213328,-0.008151980354999994,1.1820461213328,0.23691088,-0.21242444,-0.063475952
379,2.0098331213328,1.190004863645,2.0098331213328,-0.15558809,0.42442194,0.24860694
380,0.7615054813328,0.10978692364499998,0.7615054813328,0.33552545,0.59032142,-0.071073718
381,-0.03174615166719999,-0.524536986355,-0.03174615166719999,0.5789631,0.28435788,-0.31884867
382,-0.24526624866719998,0.430641693645,-0.24526624866719998,-0.38076749,0.48373696,-0.47069085
383,0.08173020133280001,-0.015735658354999998,0.08173020133280001,0.52757102,0.48673812,0.14716811
384,-0.6680518386672,-0.750040436355,-0.6680518386672,0.17185234,-0.10904293,0.15235309
385,-0.1338433506672,0.432309933645,-0.1338433506672,0.30740792,-0.57421672,0.3786988
386,-0.6960610186671999,-0.524040486355,-0.6960610186671999,0.25724107,0.49147028,-0.24026941
387,-0.1666517186672,0.081651053645,-0.1666517186672,-0.060575567,0.2227719,0.43970025
388,0.27412131133280004,1.2824185636449998,0.27412131133280004,0.13610995,-0.5262323,0.13013905
389,0.5230152013328,-0.12253766435499999,0.5230152013328,0.40212464,-0.1505827,-0.47555608
390,-1.9097797786672002,1.2938062636449998,-1.9097797786672002,-0.36876452,-0.085066698,-0.10623525
391,-0.46078255866719997,-0.234454656355,-0.46078255866719997,-0.30712637,-1.001243,0.65498036
392,-0.24969327866719998,0.008389622645000008,-0.24969327866719998,0.462511,-0.35155067,-0.8639856
393,-0.7141077586672,0.5012587136450001,-0.7141077586672,-0.52896428,0.43734738,0.32469079
394,-0.22317329866719998,0.429507593645,-0.22317329866719998,-0.053029966,-0.49634236,-0.13081419
395,0.3204857113328,0.7923841836450001,0.3204857113328,-0.2713652,-0.030590275,0.26190901
396,-0.2912094286672,-0.12204643935500001,-0.2912094286672,0.13877875,-0.064448066,0.095417947
397,0.027333315332800014,0.128260393645,0.027333315332800014,-0.29200307,0.84540129,-1.2089292
398,-0.8924059286672,-2.155714036355,-0.8924059286672,0.53342825,-0.18050525,0.19720519
399,-0.7140751486672,0.48949388364499996,-0.7140751486672,-0.9404757,-0.2935476,-0.55626285
400,1.8107784213328,-0.27806175635499997,1.8107784213328,0.080263361,0.12162291,-0.30540335
401,-0.1255565916672,-0.242513606355,-0.1255565916672,0.24457262,-0.56288171,0.44870892
402,0.01531563733280001,-1.153348136355,0.01531563733280001,-0.19678271,-0.19015084,-0.63869393
403,0.42183196133280004,-0.109029932355,0.42183196133280004,0.4888843,-0.63379115,-0.63016886
404,1.8280950213328,-0.03812718435499999,1.8280950213328,0.099806949,-0.15338841,-0.42476106
405,0.11944559133280003,-0.257796236355,0.11944559133280003,0.5661661,0.04001122,0.85604173
406,-0.4159598086672,-0.539056616355,-0.4159598086672,0.60854566,0.17487137,-0.11214996
407,1.0221659213327998,0.364001223645,1.0221659213327998,0.076975428,0.099237092,0.54217952
408,-0.1566471586672,0.950764463645,-0.1566471586672,0.2901454,0.32996774,-0.40541437
409,1.2153212213328,1.328588063645,1.2153212213328,-0.38374549,-0.076325938,0.16353399
410,0.6330683813328,-0.48304595635500003,0.6330683813328,-0.29905474,0.076601177,0.15050673
411,0.4060893313328,-1.2243823363550002,0.4060893313328,0.020682838,0.097210124,-0.30129436
412,0.41531509133280003,-0.083633656355,0.41531509133280003,-0.25965533,-0.11350541,-0.035919946
413,-0.7742219586672,1.124745663645,-0.7742219586672,0.14007011,0.12548026,0.020596083
414,0.5672319513328,0.429322433645,0.5672319513328,0.070483714,-0.64485013,0.067211792
415,-0.2708958386672,1.046377963645,-0.2708958386672,-0.28928983,-0.30109581,0.03817369
416,0.07532054133280001,0.8042722736450001,0.07532054133280001,0.1803118,0.032746132,0.45347387
417,-0.30569392866719997,-0.042422630355,-0.30569392866719997,-0.26565039,0.1696665,-0.17553726
418,0.2030228913328,-0.264966316355,0.2030228913328,0.3550117,-0.86043745,0.097170033
419,-0.3257604586672,-0.082587928355,-0.3257604586672,0.48816222,0.27958512,0.47775403
420,0.027125265332800012,0.5545068736450001,0.027125265332800012,-0.63219374,-0.0059649004,-0.16528767
421,0.0358308443328,-1.9682013363550002,0.0358308443328,-0.25520626,-0.034621559,-0.11109487
422,0.40391799133280004,-0.19931369635500001,0.40391799133280004,0.40489975,0.27901214,0.37584081
423,-0.22772543866720002,-0.5626507063549999,-0.22772543866720002,-0.36690295,0.20639777,-0.16250274
424,0.00047861833280001003,0.256633143645,0.00047861833280001003,-0.061327819,0.040781774,0.35390893
425,0.039189663332800016,0.500062743645,0.039189663332800016,0.16915843,0.19485541,0.34821907
426,-0.2734346586672,0.378114383645,-0.2734346586672,-0.077289172,-0.55524129,-0.30914602
427,-0.3266040386672,-0.274114256355,-0.3266040386672,-0.64138913,-0.64642721,-0.41009909
428,-1.5703707786672,0.470481673645,-1.5703707786672,-0.028261051,0.013018317,0.15842721
429,-0.1357484866672,-0.072886657355,-0.1357484866672,1.4624324,-0.32549718,0.039115775
430,0.06427609133280002,0.086062533645,0.06427609133280002,-0.82218754,0.85291994,-0.23285641
431,0.8938297613328,0.424915833645,0.8938297613328,0.016059991,-0.053441335,0.36229265
432,-0.7248361186672,0.284413253645,-0.7248361186672,-0.4032118,0.37193421,-0.47225574
433,1.1695488213327998,-0.807565236355,1.1695488213327998,0.10745242,-0.53159517,0.36349142
434,0.7398965313328,0.064540803645,0.7398965313328,-0.43779421,-0.12287687,-0.57435441
435,-0.1396371386672,-0.558926306355,-0.1396371386672,0.057893522,-0.51881617,0.13318002
436,-0.4710260386672,0.297035343645,-0.4710260386672,0.30119783,0.12557374,-0.18116665
437,0.7873117913328,-0.47243677635500003,0.7873117913328,0.10778292,0.27878746,0.099855311
438,-2.3649212786672003,0.422162483645,-2.3649212786672003,0.17007397,-0.038923956,0.015227297
439,-0.39698368866719996,-0.418447216355,-0.39698368866719996,0.71152544,0.28067294,-0.07927949
440,-2.0018226786672,-0.262670006355,-2.0018226786672,-0.027795922,-0.13646154,0.29677355
441,0.08896522133280002,-0.174759016355,0.08896522133280002,-0.4029105,-0.12941553,0.63201529
442,0.2667634413328,-0.446227746355,0.2667634413328,0.3882145,-0.31221533,0.3470836
443,0.0322514513328,0.0007725406450000035,0.0322514513328,0.1793206,0.10987476,-0.03521131
444,-0.12749610466720002,-0.049664038954999996,-0.12749610466720002,0.58284569,-0.16733919,-1.1527236
445,-0.011339883667199992,-0.5797525863549999,-0.011339883667199992,0.51850313,-0.1557003,0.77727234
446,1.3955094213327999,-0.995252926355,1.3955094213327999,0.38334185,0.1934392,0.015940441
447,0.4291086713328,-0.080152743355,0.4291086713328,0.15607512,-0.54519618,-0.037757386
448,0.005089193332800009,0.363973533645,0.005089193332800009,-0.37930408,0.16582695,0.004677387
449,0.03251502333280001,-0.444612916355,0.03251502333280001,0.026885942,-0.1185789,0.94608617
450,0.07934139133280002,0.354728173645,0.07934139133280002,0.13230826,-0.19313902,-0.76128012
451,-1.1020059786672,-0.494064026355,-1.1020059786672,-0.057946797,0.53916442,-0.26214311
452,-0.9124817286672,-3.299680436355,-0.9124817286672,0.02244092,-0.054720335,-0.1125069
453,-0.4991118086672,0.11588179364499998,-0.4991118086672,-0.1148009,-0.24669817,0.27459329
454,0.7466258413328,-0.606046456355,0.7466258413328,-0.49475369,0.26496878,-0.43532699
455,0.22857981133280003,-0.05007794155499999,0.22857981133280003,0.32755375,-0.11664131,0.45723116
456,1.4108786213328,-0.362041706355,1.4108786213328,0.39022258,0.18260302,-0.11339822
457,-0.2199388286672,0.04859874364500001,-0.2199388286672,-0.27900186,0.17205499,0.54101068
458,1.6127580213327999,-0.05575272395499999,1.6127580213327999,-0.17164281,-0.16038962,0.18104535
459,0.3159808813328,-0.042507691354999995,0.3159808813328,0.33286268,-0.60067219,-0.61674428
460,-0.2914818286672,0.121934333645,-0.2914818286672,0.34082773,0.57306355,-1.043607
461,-0.0002397406671999917,0.20186684364500002,-0.0002397406671999917,-0.19663224,-0.49370652,-0.85908502
462,0.07816460133280001,0.412808933645,0.07816460133280001,0.041356307,-0.36115217,0.020691818
463,-0.03281486366719999,0.36448089364499997,-0.03281486366719999,0.14912695,-0.33245033,0.18639956
464,0.34481412133280004,-0.398938106355,0.34481412133280004,0.23139833,0.08276616,0.25263917
465,1.5241313213327998,2.269255463645,1.5241313213327998,0.13774468,-0.20163751,0.13444416
466,-0.36361196866719997,0.006585282644999999,-0.36361196866719997,-0.13757838,-0.71119863,-0.43673083
467,-0.9178439986672,1.571306363645,-0.9178439986672,0.043404799,0.13168627,-0.25333801
468,-0.5795775086672,-1.208087736355,-0.5795775086672,0.19422594,0.16520731,0.014592133
469,-0.2509468786672,-0.137451059355,-0.2509468786672,0.33548933,-1.3588989,0.54200894
470,-0.3591652886672,-0.416245866355,-0.3591652886672,-0.32244569,0.0063260444,-0.53116745
471,0.46568006133280004,-0.610035916355,0.46568006133280004,-0.4906759,0.59118527,0.58293205
472,-3.4715196786672,2.272374163645,-3.4715196786672,-0.083873898,-0.14138274,0.12666617
473,2.7436939213327998,-1.423188736355,2.7436939213327998,0.21817364,0.32060346,-0.042466987
474,0.2866792913328,0.156754903645,0.2866792913328,-0.23218542,-0.013893543,0.51698852
475,0.6694796613328,-0.816321926355,0.6694796613328,-0.57350409,-0.027900912,0.26883876
476,-0.02076537866719999,-0.134364581355,-0.02076537866719999,-0.39568558,0.44381046,-0.21692413
477,-0.07046666166719999,0.19196639364499998,-0.07046666166719999,-0.15410472,0.72065037,-0.06485182
478,-0.34549656866719997,0.03264401264500001,-0.34549656866719997,0.25277561,-0.75955302,-0.41587773
479,-0.4978373986672,-1.127777136355,-0.4978373986672,-0.35464874,-0.41060144,0.21632469
480,-0.4644205886672,-0.169956956355,-0.4644205886672,0.37884435,-0.73584229,-0.30940661
481,-0.8168779086672,0.05474000364500001,-0.8168779086672,0.27538019,1.1638639,0.25196603
482,0.19720095133280002,-0.7700661663549999,0.19720095133280002,-0.0044318531,-0.41560832,-0.25278157
483,0.34302061133280004,0.07765613364499999,0.34302061133280004,-0.4843007,0.33309513,0.0002750702
484,0.16873283133279998,0.613117493645,0.16873283133279998,-0.12793326,-0.52432156,0.19558787
485,1.0877107213328,-0.5864067263549999,1.0877107213328,0.29787454,-0.17558955,-0.65781325
486,-0.6233704086672,-0.013053907354999995,-0.6233704086672,-0.6361866,-0.24550442,0.49501827
487,-0.20343925866719997,-0.965532326355,-0.20343925866719997,0.15762274,-0.12126896,-0.58995569
488,0.006752986332800012,0.453328053645,0.006752986332800012,-0.48255065,0.28299996,-0.10562027
489,-0.02056578866719999,-0.37314932635500003,-0.02056578866719999,-0.26143616,-0.49691179,0.09330564
490,0.12077181133280002,0.03577485064500001,0.12077181133280002,-0.32936603,0.34170416,-0.17891288
491,0.5780250413328,-0.143813072355,0.5780250413328,-0.51091498,0.30722913,0.94481266
492,-0.1733163186672,0.206962743645,-0.1733163186672,0.27835232,0.81838566,-0.47353661
493,-0.023193467667199992,-0.143614529355,-0.023193467667199992,-0.37570438,-0.52986687,0.40418428
494,0.03925397633280001,-0.056120833955,0.03925397633280001,-0.079476982,0.25529927,0.080969319
495,-1.6720511786672,1.940492063645,-1.6720511786672,0.17429878,-0.127189,-0.015168604
496,-0.1982506286672,0.071571473645,-0.1982506286672,-0.36729604,0.16701098,-0.061371855
497,-0.2508527986672,-0.8377794263549999,-0.2508527986672,0.0075560068,-0.4300831,0.61921948
498,-0.3299940886672,0.106388753645,-0.3299940886672,-0.046000663,0.54330409,0.18834829
499,0.9156548313328,-0.102733618355,0.9156548313328,0.34630418,-0.5564568,-0.028970115
